000117_01_01_091.png,"[0.2922375202178955, 0.7077624797821045]"
000094_08_01_071.png,"[0.0013193620834499598, 0.9986806511878967]"
000138_01_01_114.png,"[0.8017534017562866, 0.19824659824371338]"
000143_07_01_149.png,"[0.013019710779190063, 0.9869802594184875]"
000089_10_01_056.png,"[0.7216609120368958, 0.27833908796310425]"
000083_05_02_204.png,"[0.0005697669694200158, 0.999430239200592]"
000139_05_02_271.png,"[0.04651881754398346, 0.953481137752533]"
000084_01_01_023.png,"[0.2649974226951599, 0.7350025773048401]"
000084_02_03_100.png,"[0.8628915548324585, 0.1371084749698639]"
000102_03_01_371.png,"[0.00272341538220644, 0.9972766041755676]"
000080_01_01_208.png,"[0.000197207773453556, 0.9998027682304382]"
000155_08_01_091.png,"[0.007837328128516674, 0.9921626448631287]"
000089_14_02_249.png,"[0.0014661456225439906, 0.9985338449478149]"
000117_04_01_080.png,"[0.0035116467624902725, 0.9964883327484131]"
000116_07_01_282.png,"[9.391517960466444e-05, 0.999906063079834]"
000111_02_01_081.png,"[0.5591773986816406, 0.4408226013183594]"
000110_02_01_058.png,"[0.0005303272628225386, 0.9994696974754333]"
000086_03_01_089.png,"[0.5151001811027527, 0.4848997890949249]"
000153_03_01_326.png,"[0.0006471104570664465, 0.9993528723716736]"
000151_13_02_486.png,"[0.20722314715385437, 0.7927768230438232]"
000093_03_01_055.png,"[0.0021504571195691824, 0.9978495836257935]"
000103_07_02_160.png,"[0.9541001915931702, 0.0458998866379261]"
000143_03_01_040.png,"[0.0010269187623634934, 0.9989731311798096]"
000151_16_01_144.png,"[0.16438128054141998, 0.835618793964386]"
000143_08_02_160.png,"[0.8831791877746582, 0.11682082712650299]"
000083_11_01_115.png,"[0.01502207014709711, 0.9849779605865479]"
000083_11_01_101.png,"[0.002437617164105177, 0.9975624084472656]"
000148_09_01_064.png,"[0.0012092187535017729, 0.9987908005714417]"
000121_02_01_035.png,"[0.9106545448303223, 0.08934544771909714]"
000083_12_02_542.png,"[0.008612102828919888, 0.9913879036903381]"
000155_08_01_292.png,"[0.0004647279856726527, 0.999535322189331]"
000094_05_01_067.png,"[0.0036811556201428175, 0.9963188171386719]"
000143_03_02_196.png,"[0.0002934539515990764, 0.9997065663337708]"
000101_02_01_127.png,"[0.08278220891952515, 0.9172177910804749]"
000101_02_01_133.png,"[0.05432816222310066, 0.9456719160079956]"
000143_05_01_116.png,"[0.4047805368900299, 0.5952193737030029]"
000113_02_01_074.png,"[0.012502839788794518, 0.9874972105026245]"
000143_04_02_126.png,"[0.37321245670318604, 0.626787543296814]"
000133_03_01_056.png,"[0.0007771467790007591, 0.9992228746414185]"
000143_02_01_159.png,"[0.003962149377912283, 0.9960378408432007]"
000095_02_01_026.png,"[0.0008020985405892134, 0.9991979002952576]"
000152_01_01_029.png,"[0.0002745887031778693, 0.9997254014015198]"
000123_03_01_244.png,"[0.9614881277084351, 0.03851187974214554]"
000079_02_01_267.png,"[0.5024611949920654, 0.4975387752056122]"
000151_14_01_494.png,"[0.07596080750226974, 0.9240391850471497]"
000108_01_02_063.png,"[0.006804263219237328, 0.9931957721710205]"
000161_01_01_106.png,"[0.15559369325637817, 0.8444063663482666]"
000160_03_01_022.png,"[0.739356517791748, 0.26064351201057434]"
000084_01_01_022.png,"[0.03672197088599205, 0.9632779955863953]"
000100_01_01_053.png,"[0.0013302400475367904, 0.9986697435379028]"
000149_04_02_169.png,"[0.9886810779571533, 0.011318928562104702]"
000161_02_01_108.png,"[0.8732398152351379, 0.12676014006137848]"
000124_01_01_020.png,"[0.06982912123203278, 0.9301708340644836]"
000148_09_01_104.png,"[0.8354467749595642, 0.16455325484275818]"
000155_06_01_062.png,"[0.003619277384132147, 0.9963807463645935]"
000139_03_01_025.png,"[0.32322660088539124, 0.6767734289169312]"
000151_15_02_498.png,"[0.6179323196411133, 0.3820676803588867]"
000146_02_01_197.png,"[0.9955926537513733, 0.004407352767884731]"
000084_02_02_112.png,"[0.05453825369477272, 0.9454616904258728]"
000077_02_01_015.png,"[0.12563158571720123, 0.8743683695793152]"
000117_01_01_051.png,"[0.0038810353726148605, 0.9961190223693848]"
000096_03_01_529.png,"[0.12378185987472534, 0.8762180805206299]"
000094_03_01_052.png,"[0.005259405355900526, 0.9947406649589539]"
000083_08_01_066.png,"[0.00018817471573129296, 0.9998118281364441]"
000117_04_01_040.png,"[0.022419624030590057, 0.9775803089141846]"
000117_04_01_097.png,"[0.7276535034179688, 0.27234649658203125]"
000103_08_01_016.png,"[0.007958467118442059, 0.9920415282249451]"
000099_06_01_020.png,"[0.20354020595550537, 0.7964598536491394]"
000083_09_02_122.png,"[0.005323308054357767, 0.9946767091751099]"
000094_05_01_065.png,"[0.0005585840553976595, 0.9994414448738098]"
000080_02_01_211.png,"[0.0004121724923606962, 0.9995878338813782]"
000087_03_01_091.png,"[0.9711176156997681, 0.02888236567378044]"
000084_04_01_024.png,"[0.40939822793006897, 0.5906017422676086]"
000160_06_01_024.png,"[0.9435093998908997, 0.056490592658519745]"
000093_03_01_057.png,"[0.0013174326159060001, 0.9986825585365295]"
000155_04_01_017.png,"[0.7242950797080994, 0.275704950094223]"
000083_13_01_015.png,"[0.005553096532821655, 0.994446873664856]"
000083_05_02_164.png,"[0.0008220389136113226, 0.9991779923439026]"
000153_01_01_018.png,"[0.03891512006521225, 0.9610848426818848]"
000104_02_01_063.png,"[0.002673608483746648, 0.9973263740539551]"
000144_02_01_016.png,"[0.0056340680457651615, 0.994365930557251]"
000113_01_01_079.png,"[0.0027260351926088333, 0.9972739815711975]"
000075_02_02_057.png,"[0.008166944608092308, 0.9918330907821655]"
000103_02_01_107.png,"[0.897584855556488, 0.10241521149873734]"
000143_08_01_260.png,"[0.001886380254290998, 0.9981136322021484]"
000125_02_01_037.png,"[0.9480140805244446, 0.05198587477207184]"
000151_14_01_497.png,"[0.11159544438123703, 0.8884045481681824]"
000115_07_04_049.png,"[0.2881355881690979, 0.7118644714355469]"
000115_07_02_030.png,"[0.0012148624518886209, 0.9987851977348328]"
000101_01_01_089.png,"[0.38424861431121826, 0.6157513856887817]"
000117_01_01_078.png,"[0.00013988339924253523, 0.9998600482940674]"
000151_12_01_098.png,"[0.8518746495246887, 0.14812535047531128]"
000115_03_02_298.png,"[0.9261306524276733, 0.07386940717697144]"
000083_09_02_080.png,"[0.0037543808575719595, 0.9962455630302429]"
000086_05_01_080.png,"[0.5798031687736511, 0.4201968312263489]"
000152_02_01_183.png,"[0.0006891224184073508, 0.9993108510971069]"
000149_04_01_046.png,"[0.20192156732082367, 0.7980784177780151]"
000083_11_01_098.png,"[0.03719870746135712, 0.9628012180328369]"
000142_01_01_002.png,"[0.017302008345723152, 0.9826980233192444]"
000159_03_02_290.png,"[0.0004145306011196226, 0.9995854496955872]"
000084_01_01_025.png,"[0.24303416907787323, 0.7569658160209656]"
000159_02_01_061.png,"[0.012278404086828232, 0.9877216219902039]"
000116_06_01_001.png,"[0.011175723746418953, 0.9888243079185486]"
000103_11_01_177.png,"[0.9992218017578125, 0.0007782361935824156]"
000089_12_02_250.png,"[0.0012012469815090299, 0.9987987279891968]"
000148_08_01_027.png,"[0.046700749546289444, 0.9532992243766785]"
000108_01_02_064.png,"[0.005117060616612434, 0.9948829412460327]"
000117_04_01_051.png,"[0.005084324162453413, 0.9949157238006592]"
000143_09_01_142.png,"[0.0019221039256080985, 0.9980778694152832]"
000133_03_02_145.png,"[0.9601724147796631, 0.03982754051685333]"
000116_03_02_306.png,"[0.00014412484597414732, 0.9998558759689331]"
000148_05_01_030.png,"[0.05317665636539459, 0.9468233585357666]"
000133_03_02_192.png,"[0.9792694449424744, 0.02073059044778347]"
000159_03_03_108.png,"[0.9017019271850586, 0.09829802811145782]"
000139_05_01_203.png,"[0.9615247249603271, 0.038475293666124344]"
000112_02_01_082.png,"[0.0027185045182704926, 0.9972814321517944]"
000089_08_01_038.png,"[0.14016854763031006, 0.8598313927650452]"
000117_03_01_022.png,"[0.019683517515659332, 0.9803164601325989]"
000104_01_01_069.png,"[0.0009541156468912959, 0.9990459084510803]"
000083_11_01_113.png,"[0.004732007626444101, 0.995267927646637]"
000111_01_01_062.png,"[0.002608730224892497, 0.9973912239074707]"
000083_10_01_547.png,"[0.0017277366714552045, 0.9982722997665405]"
000116_03_01_005.png,"[0.021283959969878197, 0.9787160158157349]"
000082_02_01_020.png,"[0.009034416638314724, 0.9909656047821045]"
000159_01_01_126.png,"[0.014254395850002766, 0.9857455492019653]"
000151_03_01_100.png,"[0.8506240844726562, 0.14937594532966614]"
000143_02_01_349.png,"[0.00024750857846811414, 0.9997524619102478]"
000104_02_01_072.png,"[0.019783392548561096, 0.9802165627479553]"
000143_01_01_347.png,"[9.982973278965801e-05, 0.9999001026153564]"
000135_02_03_127.png,"[0.8972851634025574, 0.10271484404802322]"
000155_03_01_061.png,"[0.01283889077603817, 0.9871610999107361]"
000123_01_01_234.png,"[0.023635998368263245, 0.976364016532898]"
000139_05_02_276.png,"[0.001416996936313808, 0.9985829591751099]"
000089_13_01_063.png,"[0.2589692771434784, 0.741030752658844]"
000155_05_01_056.png,"[0.013903242535889149, 0.9860967993736267]"
000089_09_01_041.png,"[0.0278023611754179, 0.9721975922584534]"
000143_04_02_083.png,"[0.616045355796814, 0.3839546740055084]"
000110_03_01_027.png,"[0.03502177819609642, 0.9649782180786133]"
000086_05_01_091.png,"[0.9762667417526245, 0.023733248934149742]"
000153_04_01_024.png,"[0.15315520763397217, 0.8468447923660278]"
000089_14_01_038.png,"[0.30464598536491394, 0.6953539848327637]"
000103_01_01_052.png,"[0.9498401284217834, 0.05015992745757103]"
000094_08_01_060.png,"[0.00030345446430146694, 0.9996966123580933]"
000103_02_01_060.png,"[0.9388861656188965, 0.061113834381103516]"
000147_03_02_187.png,"[0.00019016728037968278, 0.9998098015785217]"
000100_01_01_057.png,"[0.002717690309509635, 0.9972822666168213]"
000159_02_01_062.png,"[0.0021929405629634857, 0.9978070855140686]"
000089_06_01_036.png,"[0.8464828729629517, 0.15351718664169312]"
000155_01_01_015.png,"[0.1296275407075882, 0.870372474193573]"
000148_08_01_030.png,"[0.13841913640499115, 0.8615808486938477]"
000108_01_02_067.png,"[0.0014990651980042458, 0.9985009431838989]"
000083_07_01_029.png,"[0.05107903480529785, 0.9489209055900574]"
000159_04_01_055.png,"[0.0030451889615505934, 0.9969547986984253]"
000094_06_01_051.png,"[0.004815693479031324, 0.9951843619346619]"
000086_01_01_429.png,"[0.1439715176820755, 0.8560284376144409]"
000104_02_01_070.png,"[0.0005457201623357832, 0.9994543194770813]"
000151_15_03_248.png,"[0.6256652474403381, 0.37433475255966187]"
000151_18_02_138.png,"[0.46155238151550293, 0.5384476184844971]"
000104_03_01_356.png,"[0.01737476885318756, 0.9826252460479736]"
000148_05_01_033.png,"[0.12760068476200104, 0.8723993301391602]"
000083_11_03_217.png,"[0.45190614461898804, 0.548093855381012]"
000151_17_01_501.png,"[0.8492342233657837, 0.15076583623886108]"
000082_02_01_022.png,"[0.17318476736545563, 0.8268152475357056]"
000121_04_01_173.png,"[0.9467644691467285, 0.05323547124862671]"
000084_04_01_022.png,"[0.42194902896881104, 0.578050971031189]"
000094_05_01_076.png,"[0.01642797514796257, 0.9835719466209412]"
000083_09_01_025.png,"[0.0025711983907967806, 0.997428834438324]"
000083_01_01_023.png,"[0.002156089758500457, 0.997843861579895]"
000116_04_01_061.png,"[0.00012372872151900083, 0.9998762607574463]"
000083_13_02_311.png,"[0.00044898962369188666, 0.999550998210907]"
000151_06_01_099.png,"[0.8412464261054993, 0.15875360369682312]"
000107_01_02_152.png,"[0.26259785890579224, 0.7374021410942078]"
000106_01_01_060.png,"[0.0010353998513892293, 0.9989645481109619]"
000143_02_01_148.png,"[0.10077674686908722, 0.8992232084274292]"
000156_02_01_037.png,"[0.00047390832332894206, 0.9995261430740356]"
000102_03_01_361.png,"[0.00026907274150289595, 0.9997308850288391]"
000143_09_02_120.png,"[0.861008882522583, 0.1389911025762558]"
000139_04_01_053.png,"[0.09793847799301147, 0.9020614624023438]"
000103_09_02_169.png,"[0.9989820122718811, 0.0010179989039897919]"
000099_03_01_022.png,"[0.09852497279644012, 0.9014750123023987]"
000084_02_03_138.png,"[0.6615347862243652, 0.33846515417099]"
000083_06_01_118.png,"[0.08408097177743912, 0.9159190058708191]"
000083_11_01_065.png,"[0.00018666648247744888, 0.9998133778572083]"
000153_04_01_027.png,"[0.022413022816181183, 0.9775869250297546]"
000149_04_01_044.png,"[0.19656969606876373, 0.8034303188323975]"
000132_02_01_025.png,"[0.061634015291929245, 0.9383659958839417]"
000089_05_01_039.png,"[0.1326800137758255, 0.8673200011253357]"
000155_02_01_055.png,"[0.005190402735024691, 0.994809627532959]"
000103_05_01_075.png,"[0.787726640701294, 0.21227332949638367]"
000089_05_02_176.png,"[0.03585580363869667, 0.964144229888916]"
000089_01_01_037.png,"[0.019401876255869865, 0.9805980920791626]"
000096_01_01_107.png,"[0.07681677490472794, 0.923183262348175]"
000127_03_02_079.png,"[0.0020810705609619617, 0.9979189038276672]"
000083_12_01_018.png,"[0.005654061213135719, 0.9943459630012512]"
000147_04_01_253.png,"[0.009917326271533966, 0.9900826811790466]"
000083_12_02_124.png,"[0.011420055292546749, 0.9885799288749695]"
000102_02_01_034.png,"[0.000627236207947135, 0.9993727803230286]"
000132_03_02_072.png,"[0.0011674010893329978, 0.998832643032074]"
000140_01_01_087.png,"[0.11722198873758316, 0.8827780485153198]"
000159_04_02_047.png,"[0.0011472173500806093, 0.9988527297973633]"
000089_06_01_050.png,"[0.019036253914237022, 0.9809637069702148]"
000143_09_01_133.png,"[0.05472743138670921, 0.9452725648880005]"
000107_01_01_035.png,"[0.03046569414436817, 0.9695343375205994]"
000084_03_01_022.png,"[0.09934761375188828, 0.9006524085998535]"
000083_01_01_050.png,"[0.0004414967552293092, 0.9995585083961487]"
000147_02_01_066.png,"[0.0010701310820877552, 0.9989297986030579]"
000143_03_01_023.png,"[0.0029478257056325674, 0.9970521926879883]"
000110_01_01_021.png,"[0.006870981305837631, 0.9931290149688721]"
000147_04_02_025.png,"[0.0010705379536375403, 0.9989294409751892]"
000117_03_01_091.png,"[0.5687751770019531, 0.4312247931957245]"
000083_11_02_088.png,"[0.006012747995555401, 0.9939872026443481]"
000142_03_01_004.png,"[0.6295900940895081, 0.37040990591049194]"
000102_02_02_294.png,"[0.0010506079997867346, 0.9989494681358337]"
000117_03_01_052.png,"[0.004254776984453201, 0.9957452416419983]"
000143_03_01_036.png,"[0.0002251369005534798, 0.9997748732566833]"
000083_02_01_077.png,"[0.00028653646586462855, 0.9997134804725647]"
000139_01_01_024.png,"[0.26999956369400024, 0.7300004363059998]"
000116_06_01_313.png,"[9.499656880507246e-05, 0.999904990196228]"
000138_03_01_114.png,"[0.9907168745994568, 0.009283127263188362]"
000150_01_01_055.png,"[0.01626460999250412, 0.9837354421615601]"
000099_01_01_026.png,"[0.018509503453969955, 0.9814904928207397]"
000139_02_01_016.png,"[0.8622753024101257, 0.13772469758987427]"
000160_01_01_023.png,"[0.1182970479130745, 0.8817028999328613]"
000151_15_01_100.png,"[0.9264882206916809, 0.07351177930831909]"
000125_02_01_057.png,"[0.014719344675540924, 0.9852806925773621]"
000083_05_02_064.png,"[0.0014804136008024216, 0.9985195994377136]"
000143_09_02_152.png,"[0.9591255784034729, 0.04087447747588158]"
000116_06_02_159.png,"[0.8063706755638123, 0.19362930953502655]"
000102_02_01_035.png,"[0.0005498380633071065, 0.999450147151947]"
000073_02_01_115.png,"[0.5635120868682861, 0.4364878833293915]"
000102_02_01_021.png,"[0.0018750277813524008, 0.9981250166893005]"
000143_03_03_090.png,"[0.48973792791366577, 0.5102620720863342]"
000116_05_01_296.png,"[7.245484448503703e-05, 0.9999275207519531]"
000095_01_01_103.png,"[0.0004507199046202004, 0.9995492100715637]"
000087_01_01_093.png,"[0.999395489692688, 0.0006045224145054817]"
000083_09_01_109.png,"[0.011496634222567081, 0.9885033965110779]"
000083_11_01_029.png,"[0.0021810533944517374, 0.9978189468383789]"
000137_03_01_022.png,"[0.0017369508277624846, 0.9982630610466003]"
000159_02_03_102.png,"[0.8438640832901001, 0.1561359018087387]"
000089_10_01_036.png,"[0.4131251275539398, 0.5868748426437378]"
000138_01_01_148.png,"[0.7390662431716919, 0.2609337568283081]"
000148_07_01_034.png,"[0.04989907890558243, 0.9501008987426758]"
000086_02_01_091.png,"[0.9715161919593811, 0.028483806177973747]"
000096_04_03_170.png,"[0.8586920499801636, 0.14130795001983643]"
000103_09_01_019.png,"[0.2148171067237854, 0.7851828932762146]"
000089_13_01_038.png,"[0.14915578067302704, 0.8508442640304565]"
000083_07_01_070.png,"[0.003208591602742672, 0.996791422367096]"
000143_06_02_079.png,"[0.6568549871444702, 0.3431449830532074]"
000083_12_02_084.png,"[0.007118028122931719, 0.9928820133209229]"
000127_02_02_200.png,"[0.0005936937523074448, 0.9994063377380371]"
000155_07_01_084.png,"[0.07572191953659058, 0.9242780208587646]"
000143_04_02_153.png,"[0.2902580201625824, 0.70974200963974]"
000155_04_01_061.png,"[0.006680834107100964, 0.9933191537857056]"
000135_02_01_045.png,"[0.00032916117925196886, 0.9996708631515503]"
000103_03_01_082.png,"[0.967242419719696, 0.03275757655501366]"
000133_02_01_106.png,"[0.9773005843162537, 0.02269941382110119]"
000124_01_01_120.png,"[0.2160124033689499, 0.7839876413345337]"
000148_02_01_030.png,"[0.010742537677288055, 0.9892573952674866]"
000124_03_01_022.png,"[0.5529896020889282, 0.447010338306427]"
000150_01_01_056.png,"[0.0049977959133684635, 0.9950022101402283]"
000143_03_03_130.png,"[0.3544054925441742, 0.6455945372581482]"
000103_06_01_131.png,"[0.9740014672279358, 0.025998523458838463]"
000139_02_01_015.png,"[0.8115754127502441, 0.18842463195323944]"
000117_04_01_022.png,"[0.016262730583548546, 0.9837372899055481]"
000143_06_01_187.png,"[0.0007343649631366134, 0.9992656111717224]"
000139_04_01_022.png,"[0.808898389339447, 0.19110161066055298]"
000127_03_02_084.png,"[0.0006950714159756899, 0.9993048906326294]"
000083_12_02_126.png,"[0.009467827156186104, 0.9905321598052979]"
000102_03_01_338.png,"[0.0018332499312236905, 0.9981666803359985]"
000132_03_02_058.png,"[0.0013691650237888098, 0.9986308217048645]"
000125_02_01_083.png,"[0.9998372793197632, 0.0001627213496249169]"
000133_01_01_068.png,"[0.00014536424714606255, 0.999854564666748]"
000151_18_01_100.png,"[0.9808613657951355, 0.019138673320412636]"
000103_04_02_090.png,"[0.9486767649650574, 0.051323164254426956]"
000149_03_01_046.png,"[0.23326970636844635, 0.7667303085327148]"
000119_01_01_069.png,"[0.000131494045490399, 0.9998685121536255]"
000139_03_02_186.png,"[0.9999758005142212, 2.419802694930695e-05]"
000131_01_01_088.png,"[0.0038261045701801777, 0.9961739182472229]"
000094_07_01_059.png,"[0.0007702953880652785, 0.9992296695709229]"
000089_05_01_048.png,"[0.0019707023166120052, 0.9980292916297913]"
000075_03_02_058.png,"[0.011928682215511799, 0.9880713224411011]"
000075_03_02_048.png,"[0.013238921761512756, 0.9867610931396484]"
000083_11_02_104.png,"[0.003987124655395746, 0.9960129261016846]"
000087_02_02_401.png,"[0.9974159002304077, 0.0025840261951088905]"
000154_02_01_075.png,"[0.350771427154541, 0.649228572845459]"
000151_01_01_100.png,"[0.5374761819839478, 0.46252384781837463]"
000148_07_01_031.png,"[0.010208658874034882, 0.9897913336753845]"
000155_01_01_061.png,"[0.001972264377400279, 0.9980277419090271]"
000149_01_01_154.png,"[0.33869341015815735, 0.661306619644165]"
000082_01_01_064.png,"[0.4375780522823334, 0.562421977519989]"
000075_03_03_105.png,"[0.8321416974067688, 0.16785834729671478]"
000084_03_02_130.png,"[0.8822305202484131, 0.11776940524578094]"
000115_03_01_062.png,"[0.0006222589872777462, 0.9993777275085449]"
000151_15_03_214.png,"[0.910610556602478, 0.08938951045274734]"
000151_09_01_099.png,"[0.8049762845039368, 0.19502371549606323]"
000089_12_01_051.png,"[0.0009397679241374135, 0.9990602135658264]"
000147_04_02_037.png,"[0.002451335545629263, 0.9975486397743225]"
000124_01_01_118.png,"[0.08926656097173691, 0.9107334017753601]"
000123_02_01_259.png,"[0.9507182240486145, 0.04928179830312729]"
000083_09_01_051.png,"[0.000698749499861151, 0.9993011951446533]"
000147_02_01_075.png,"[0.001056611305102706, 0.9989433884620667]"
000117_03_01_040.png,"[0.009745340794324875, 0.9902547001838684]"
000159_03_01_047.png,"[0.008661922998726368, 0.9913381338119507]"
000155_04_01_071.png,"[0.0010568166617304087, 0.9989431500434875]"
000083_07_01_114.png,"[0.002652389695867896, 0.9973475933074951]"
000084_03_01_019.png,"[0.0942244678735733, 0.9057754874229431]"
000083_03_01_169.png,"[0.5220601558685303, 0.47793978452682495]"
000094_06_01_024.png,"[0.03731463849544525, 0.9626853466033936]"
000135_02_03_178.png,"[0.7891060709953308, 0.210893914103508]"
000151_04_01_104.png,"[0.11638976633548737, 0.8836102485656738]"
000155_03_01_016.png,"[0.5371109247207642, 0.46288901567459106]"
000125_02_01_079.png,"[0.9995549321174622, 0.000444990728283301]"
000083_09_02_541.png,"[0.006790594197809696, 0.9932094216346741]"
000123_02_01_107.png,"[0.9942688941955566, 0.005731077864766121]"
000131_02_01_083.png,"[0.009677764028310776, 0.9903222918510437]"
000133_01_01_051.png,"[0.0004466590180527419, 0.9995532631874084]"
000142_02_01_091.png,"[0.9949447512626648, 0.00505525479093194]"
000083_12_02_309.png,"[0.00021058667334727943, 0.9997894167900085]"
000099_04_01_025.png,"[0.0820099413394928, 0.9179900884628296]"
000115_07_03_051.png,"[0.004675263538956642, 0.9953247308731079]"
000117_01_01_020.png,"[0.07707012444734573, 0.9229299426078796]"
000133_02_01_061.png,"[0.0003376412787474692, 0.9996623992919922]"
000159_02_03_104.png,"[0.8926064968109131, 0.10739344358444214]"
000148_04_01_028.png,"[0.11635590344667435, 0.8836440443992615]"
000084_05_02_104.png,"[0.852724552154541, 0.1472754180431366]"
000103_09_01_023.png,"[0.05541002377867699, 0.9445899724960327]"
000102_02_01_019.png,"[0.01478144247084856, 0.9852185845375061]"
000116_06_02_149.png,"[0.48211193084716797, 0.5178881287574768]"
000073_02_01_111.png,"[0.9988679885864258, 0.0011320896446704865]"
000117_04_01_019.png,"[0.13300582766532898, 0.8669941425323486]"
000112_01_01_013.png,"[0.07934152334928513, 0.9206584692001343]"
000116_04_01_003.png,"[0.02371264435350895, 0.9762874245643616]"
000143_07_01_271.png,"[0.0014432225143536925, 0.9985567927360535]"
000089_12_02_191.png,"[0.1167377382516861, 0.8832623362541199]"
000147_02_01_077.png,"[0.0028565311804413795, 0.9971434473991394]"
000082_02_02_182.png,"[0.9353732466697693, 0.0646267682313919]"
000096_04_01_106.png,"[0.07723875343799591, 0.9227612018585205]"
000096_04_01_112.png,"[0.14650166034698486, 0.8534983992576599]"
000117_03_01_080.png,"[0.0008942410349845886, 0.9991057515144348]"
000089_07_01_038.png,"[0.4228493571281433, 0.5771505832672119]"
000084_04_02_141.png,"[0.9999998807907104, 9.764998054606622e-08]"
000148_03_01_106.png,"[0.6202952265739441, 0.37970486283302307]"
000083_12_02_068.png,"[0.00619505625218153, 0.993804931640625]"
000156_02_01_108.png,"[0.0001847421081038192, 0.9998152852058411]"
000153_03_01_143.png,"[0.04794846847653389, 0.9520515203475952]"
000083_10_01_081.png,"[0.003879011608660221, 0.9961209893226624]"
000156_02_01_068.png,"[0.0004607273149304092, 0.9995392560958862]"
000125_02_01_052.png,"[0.04685778543353081, 0.9531421661376953]"
000094_04_01_051.png,"[0.009910838678479195, 0.9900891780853271]"
000127_01_01_080.png,"[0.02057517133653164, 0.9794248342514038]"
000133_01_01_052.png,"[0.000799443805590272, 0.9992005228996277]"
000100_01_01_035.png,"[0.0650307685136795, 0.9349693059921265]"
000086_02_01_082.png,"[0.32404518127441406, 0.6759548783302307]"
000083_08_01_016.png,"[0.007713944651186466, 0.9922860860824585]"
000096_04_01_072.png,"[0.007686447352170944, 0.9923135638237]"
000117_01_01_021.png,"[0.01763060875236988, 0.9823693633079529]"
000160_04_01_023.png,"[0.2479952573776245, 0.7520046830177307]"
000087_01_01_082.png,"[0.9981808662414551, 0.0018191299168393016]"
000075_01_01_060.png,"[0.0005310314008966088, 0.999468982219696]"
000155_02_01_060.png,"[0.002663182560354471, 0.9973368048667908]"
000093_01_01_061.png,"[0.00024353708431590348, 0.9997565150260925]"
000093_02_01_053.png,"[0.0009149719844572246, 0.9990850687026978]"
000117_02_01_022.png,"[0.11153094470500946, 0.8884689807891846]"
000103_13_01_019.png,"[0.09374842792749405, 0.9062515497207642]"
000096_04_02_355.png,"[0.0045440057292580605, 0.9954559803009033]"
000089_09_01_038.png,"[0.31086888909339905, 0.6891311407089233]"
000083_08_01_027.png,"[0.007716058753430843, 0.9922839999198914]"
000127_03_01_158.png,"[0.0010505138197913766, 0.9989494681358337]"
000083_13_02_551.png,"[0.006984243169426918, 0.9930157661437988]"
000084_05_01_020.png,"[0.028435375541448593, 0.9715647101402283]"
000103_13_02_092.png,"[0.04940004646778107, 0.9505999088287354]"
000092_02_03_212.png,"[0.8530762791633606, 0.14692366123199463]"
000081_02_01_048.png,"[0.054729584604501724, 0.9452704787254333]"
000089_11_01_050.png,"[0.002612366573885083, 0.9973875880241394]"
000143_02_01_330.png,"[0.00015874380187597126, 0.9998412132263184]"
000103_12_01_075.png,"[0.008073491975665092, 0.9919264316558838]"
000116_07_01_001.png,"[0.01533823274075985, 0.9846617579460144]"
000094_05_01_024.png,"[0.1158519759774208, 0.8841480016708374]"
000103_12_02_161.png,"[1.0, 8.15614242810625e-09]"
000103_07_01_022.png,"[0.036505747586488724, 0.9634943008422852]"
000101_02_01_159.png,"[0.04599565267562866, 0.9540043473243713]"
000159_03_01_060.png,"[0.002097157994285226, 0.9979028701782227]"
000155_04_01_056.png,"[0.007850597612559795, 0.9921493530273438]"
000083_04_01_115.png,"[0.3700886070728302, 0.6299113631248474]"
000083_09_01_076.png,"[0.006962493062019348, 0.9930375218391418]"
000147_01_01_074.png,"[0.004038376733660698, 0.995961606502533]"
000139_05_01_246.png,"[0.9547926783561707, 0.04520728439092636]"
000086_04_01_085.png,"[0.9086326956748962, 0.09136734157800674]"
000143_04_01_070.png,"[0.0028636599890887737, 0.9971363544464111]"
000083_10_01_099.png,"[0.0029011790174990892, 0.9970988035202026]"
000086_04_01_091.png,"[0.9865125417709351, 0.013487473130226135]"
000092_01_01_324.png,"[0.013961623422801495, 0.9860383868217468]"
000099_07_01_024.png,"[0.7743788957595825, 0.22562116384506226]"
000079_02_01_225.png,"[0.8116121292114258, 0.18838785588741302]"
000084_01_02_148.png,"[0.9345141053199768, 0.065485879778862]"
000112_03_01_097.png,"[0.9817830920219421, 0.018216947093605995]"
000117_02_01_023.png,"[0.014573447406291962, 0.9854265451431274]"
000133_02_01_044.png,"[0.023564234375953674, 0.9764358401298523]"
000083_11_01_022.png,"[0.0025314604863524437, 0.9974685907363892]"
000137_03_01_015.png,"[0.01992574706673622, 0.9800742268562317]"
000117_01_01_039.png,"[0.021220920607447624, 0.9787790179252625]"
000139_03_02_167.png,"[0.9999490976333618, 5.0941544031957164e-05]"
000143_10_02_163.png,"[0.7230269908905029, 0.27697303891181946]"
000155_07_01_304.png,"[0.08148279041051865, 0.9185171723365784]"
000096_04_01_068.png,"[0.002771638799458742, 0.9972283244132996]"
000103_07_02_082.png,"[0.946148693561554, 0.05385134741663933]"
000151_11_02_499.png,"[0.3335127830505371, 0.6664872169494629]"
000084_05_01_023.png,"[0.1954488307237625, 0.8045511841773987]"
000132_03_02_050.png,"[0.050491441041231155, 0.949508547782898]"
000073_02_01_081.png,"[0.09020404517650604, 0.9097959399223328]"
000115_05_01_139.png,"[0.000523076974786818, 0.999476969242096]"
000135_02_03_161.png,"[0.7386537194252014, 0.26134634017944336]"
000089_04_01_038.png,"[0.3047183156013489, 0.6952816843986511]"
000083_05_01_027.png,"[0.00025193390320055187, 0.9997480511665344]"
000083_09_02_376.png,"[0.011328405700623989, 0.9886716604232788]"
000092_02_01_102.png,"[0.0018835696391761303, 0.9981164932250977]"
000151_15_03_230.png,"[0.9111748337745667, 0.08882521837949753]"
000099_02_01_023.png,"[0.011807211674749851, 0.9881928563117981]"
000089_07_01_036.png,"[0.32613641023635864, 0.6738635301589966]"
000147_04_02_013.png,"[0.04791386052966118, 0.9520860910415649]"
000148_09_01_031.png,"[0.007654028944671154, 0.992345929145813]"
000086_03_01_022.png,"[0.27553629875183105, 0.724463701248169]"
000143_08_02_134.png,"[0.931362509727478, 0.06863746792078018]"
000103_05_01_136.png,"[0.9410032033920288, 0.05899673327803612]"
000144_01_01_072.png,"[0.003526776796206832, 0.9964732527732849]"
000083_09_01_049.png,"[0.0004932644660584629, 0.9995067119598389]"
000159_02_02_286.png,"[0.0012668896233662963, 0.9987331032752991]"
000094_02_01_055.png,"[0.0033588025253266096, 0.9966411590576172]"
000086_04_01_079.png,"[0.15913502871990204, 0.8408650159835815]"
000143_04_01_067.png,"[0.00025120904319919646, 0.9997487664222717]"
000147_03_02_115.png,"[0.0010090527357533574, 0.9989909529685974]"
000143_07_01_479.png,"[0.07694674283266068, 0.9230532050132751]"
000132_03_02_045.png,"[0.024343863129615784, 0.9756562113761902]"
000083_10_01_139.png,"[0.013540757820010185, 0.9864592552185059]"
000144_04_01_063.png,"[0.006722383666783571, 0.9932776093482971]"
000083_01_01_113.png,"[0.0011853516334667802, 0.9988147020339966]"
000075_02_01_049.png,"[0.007640061900019646, 0.9923599362373352]"
000147_04_01_264.png,"[0.004439856857061386, 0.9955601692199707]"
000083_08_01_019.png,"[0.03405486047267914, 0.9659451842308044]"
000149_02_01_157.png,"[0.9998358488082886, 0.000164069322636351]"
000102_02_02_301.png,"[0.00023823100491426885, 0.9997617602348328]"
000115_06_02_156.png,"[0.00019603829423431307, 0.9998039603233337]"
000079_01_01_204.png,"[0.24951516091823578, 0.750484824180603]"
000143_08_01_144.png,"[0.277804970741272, 0.722195029258728]"
000089_14_02_184.png,"[0.05256703868508339, 0.9474329352378845]"
000096_02_01_106.png,"[0.5452499389648438, 0.45475009083747864]"
000113_03_01_075.png,"[0.00440208287909627, 0.9955978989601135]"
000084_05_02_132.png,"[0.9092786312103271, 0.09072134643793106]"
000084_01_01_067.png,"[0.002820149762555957, 0.9971798658370972]"
000152_01_02_030.png,"[0.00033100522705353796, 0.9996689558029175]"
000160_07_01_026.png,"[0.3144369423389435, 0.6855630874633789]"
000125_02_01_065.png,"[0.003181299427524209, 0.9968186616897583]"
000151_16_01_504.png,"[0.36787036061286926, 0.6321296095848083]"
000148_01_01_027.png,"[0.017064740881323814, 0.9829351902008057]"
000132_03_01_021.png,"[0.01975823938846588, 0.9802417755126953]"
000124_02_01_123.png,"[0.4894019663333893, 0.5105981230735779]"
000150_02_01_055.png,"[0.008023948408663273, 0.9919760823249817]"
000156_02_01_103.png,"[0.0007820670143701136, 0.9992178678512573]"
000096_03_02_095.png,"[0.9999877214431763, 1.2312116268731188e-05]"
000160_02_01_023.png,"[0.9765926003456116, 0.023407455533742905]"
000139_01_01_016.png,"[0.48102495074272156, 0.5189750790596008]"
000148_09_01_035.png,"[0.04376132786273956, 0.9562387466430664]"
000112_02_01_017.png,"[0.335964560508728, 0.664035439491272]"
000151_07_01_102.png,"[0.9542466998100281, 0.04575332626700401]"
000103_01_01_173.png,"[0.41800370812416077, 0.5819962620735168]"
000094_05_01_023.png,"[0.578222930431366, 0.42177706956863403]"
000096_03_01_369.png,"[0.0011591784423217177, 0.998840868473053]"
000083_09_01_064.png,"[0.002823163289576769, 0.9971768856048584]"
000103_05_01_133.png,"[0.618148922920227, 0.38185107707977295]"
000083_13_01_052.png,"[0.0008262993069365621, 0.9991737008094788]"
000139_02_01_025.png,"[0.9058059453964233, 0.09419412165880203]"
000110_02_01_021.png,"[0.17318755388259888, 0.8268125057220459]"
000150_02_01_054.png,"[0.002499446738511324, 0.9975005984306335]"
000121_03_01_169.png,"[0.9932575225830078, 0.006742472760379314]"
000099_08_02_023.png,"[0.33674347400665283, 0.6632564663887024]"
000103_02_01_168.png,"[0.9935503005981445, 0.006449725013226271]"
000124_02_01_122.png,"[0.24779143929481506, 0.7522085309028625]"
000102_01_01_342.png,"[0.0002089434419758618, 0.9997910857200623]"
000103_13_02_122.png,"[0.3804433345794678, 0.6195566654205322]"
000087_02_01_092.png,"[0.9999101161956787, 8.99185033631511e-05]"
000155_01_01_055.png,"[0.001644184929318726, 0.9983558058738708]"
000148_08_01_058.png,"[0.0005612866370938718, 0.9994387030601501]"
000083_07_01_055.png,"[0.0009498992003500462, 0.9990500807762146]"
000095_01_01_130.png,"[0.0009596070158295333, 0.999040424823761]"
000083_11_01_018.png,"[0.005652784835547209, 0.9943471550941467]"
000087_02_02_409.png,"[0.9994526505470276, 0.0005472938064485788]"
000143_08_01_151.png,"[0.016531122848391533, 0.9834688901901245]"
000116_05_02_164.png,"[0.5419813394546509, 0.45801863074302673]"
000143_09_01_249.png,"[0.0006570321856997907, 0.9993429780006409]"
000089_14_01_050.png,"[0.004006987903267145, 0.9959930181503296]"
000140_02_01_091.png,"[0.03355163708329201, 0.9664484262466431]"
000089_10_01_039.png,"[0.2829795181751251, 0.7170204520225525]"
000155_06_01_018.png,"[0.06049030274152756, 0.9395097494125366]"
000094_08_01_022.png,"[0.06407749652862549, 0.9359225034713745]"
000093_01_01_058.png,"[0.0013701602583751082, 0.9986298084259033]"
000083_07_01_080.png,"[0.009653152897953987, 0.9903468489646912]"
000131_02_01_088.png,"[0.05890416353940964, 0.9410958290100098]"
000151_02_01_104.png,"[0.7208516001701355, 0.2791483402252197]"
000138_02_01_149.png,"[0.8909925818443298, 0.10900738835334778]"
000089_02_01_035.png,"[0.3216150403022766, 0.6783849596977234]"
000151_18_03_221.png,"[0.8945708274841309, 0.10542917251586914]"
000084_03_02_099.png,"[0.7638198733329773, 0.2361801713705063]"
000083_05_02_069.png,"[0.0012761822436004877, 0.9987238049507141]"
000142_04_01_085.png,"[0.9996933937072754, 0.00030661674099974334]"
000151_13_01_099.png,"[0.2663124203681946, 0.7336875796318054]"
000143_02_01_335.png,"[0.00012577282905112952, 0.9998742341995239]"
000159_03_01_058.png,"[0.0024263220839202404, 0.9975736737251282]"
000081_01_01_043.png,"[0.050295840948820114, 0.9497041702270508]"
000103_10_01_166.png,"[0.9911666512489319, 0.008833379484713078]"
000116_03_01_050.png,"[0.0010183335980400443, 0.9989816546440125]"
000083_12_02_539.png,"[0.01538601703941822, 0.9846140146255493]"
000103_08_02_153.png,"[0.9968229532241821, 0.003177106147632003]"
000083_11_03_283.png,"[0.2387574166059494, 0.7612425088882446]"
000137_01_01_066.png,"[0.0004773064283654094, 0.9995226860046387]"
000159_03_01_065.png,"[0.0010091401636600494, 0.9989908337593079]"
000151_10_01_096.png,"[0.45920345187187195, 0.5407965779304504]"
000144_01_01_074.png,"[0.002325203502550721, 0.9976747632026672]"
000083_01_01_075.png,"[0.000521605194080621, 0.9994783997535706]"
000159_05_02_224.png,"[0.0014422615058720112, 0.9985577464103699]"
000151_13_01_098.png,"[0.548845112323761, 0.451154887676239]"
000133_01_01_107.png,"[0.742678165435791, 0.2573217749595642]"
000148_01_01_031.png,"[0.060931675136089325, 0.9390683174133301]"
000139_05_01_323.png,"[0.7573850750923157, 0.24261489510536194]"
000083_07_01_056.png,"[0.000800882582552731, 0.9991990923881531]"
000084_05_01_024.png,"[0.03703490272164345, 0.9629650115966797]"
000083_12_01_015.png,"[0.00834752433001995, 0.9916524291038513]"
000107_01_02_070.png,"[0.8388023972511292, 0.16119755804538727]"
000155_05_01_017.png,"[0.072810597717762, 0.9271894097328186]"
000151_02_01_105.png,"[0.2915358245372772, 0.7084642052650452]"
000119_02_01_068.png,"[0.0005568964406847954, 0.9994431138038635]"
000160_07_02_124.png,"[0.09932610392570496, 0.9006738662719727]"
000147_03_01_013.png,"[0.03825223818421364, 0.9617477059364319]"
000143_07_01_127.png,"[0.03370878845453262, 0.9662912487983704]"
000093_01_01_059.png,"[0.0003543665516190231, 0.9996455907821655]"
000096_03_01_544.png,"[0.42842206358909607, 0.5715779066085815]"
000131_01_01_093.png,"[0.013752729631960392, 0.9862472414970398]"
000148_04_01_034.png,"[0.5735326409339905, 0.4264673888683319]"
000125_01_01_055.png,"[0.10945295542478561, 0.8905470967292786]"
000103_12_01_105.png,"[0.022492632269859314, 0.9775072932243347]"
000115_04_01_152.png,"[0.0012343915877863765, 0.9987655878067017]"
000159_05_01_035.png,"[0.03453351557254791, 0.9654664993286133]"
000160_09_01_106.png,"[0.9928632378578186, 0.007136742118746042]"
000089_11_02_245.png,"[0.003912860527634621, 0.9960871934890747]"
000108_02_02_071.png,"[0.00783861055970192, 0.9921613335609436]"
000094_08_01_044.png,"[0.007217437960207462, 0.9927825927734375]"
000108_02_01_159.png,"[0.0006035013939253986, 0.9993964433670044]"
000151_08_01_099.png,"[0.7110994458198547, 0.28890061378479004]"
000117_02_01_041.png,"[0.011570259928703308, 0.9884296655654907]"
000083_08_01_078.png,"[0.003912525717169046, 0.9960874319076538]"
000160_08_01_022.png,"[0.6217809319496155, 0.3782191276550293]"
000116_01_01_294.png,"[5.4755488235969096e-05, 0.9999452829360962]"
000132_01_01_026.png,"[0.05387773737311363, 0.9461222887039185]"
000104_03_01_372.png,"[0.0008407438872382045, 0.9991592168807983]"
000096_04_03_092.png,"[0.9697592854499817, 0.03024071268737316]"
000089_08_01_037.png,"[0.19476862251758575, 0.8052314519882202]"
000143_05_01_136.png,"[0.7988048791885376, 0.20119509100914001]"
000083_09_01_014.png,"[0.0043638632632792, 0.9956361651420593]"
000148_06_01_031.png,"[0.017801588401198387, 0.9821984171867371]"
000153_02_01_021.png,"[0.18403634428977966, 0.815963625907898]"
000123_03_01_112.png,"[0.9294800758361816, 0.07051985710859299]"
000116_07_02_163.png,"[0.6933696866035461, 0.30663031339645386]"
000094_05_01_052.png,"[0.0035754747223109007, 0.9964244961738586]"
000103_07_01_068.png,"[0.002566439565271139, 0.997433602809906]"
000075_03_01_045.png,"[0.00239640474319458, 0.9976035952568054]"
000103_08_01_021.png,"[0.0265879537910223, 0.973412036895752]"
000143_02_01_352.png,"[0.00018590217223390937, 0.9998140931129456]"
000104_01_01_073.png,"[0.0017433728789910674, 0.9982566237449646]"
000151_17_02_197.png,"[0.9425623416900635, 0.05743767321109772]"
000112_01_01_082.png,"[0.0004791085666511208, 0.9995208978652954]"
000101_03_01_022.png,"[0.051312703639268875, 0.9486873149871826]"
000117_02_01_083.png,"[0.000562002940569073, 0.9994379878044128]"
000155_05_01_059.png,"[0.036731041967868805, 0.9632688760757446]"
000113_03_01_011.png,"[0.7599109411239624, 0.24008908867835999]"
000083_08_01_051.png,"[0.0008759678457863629, 0.9991239905357361]"
000089_13_01_050.png,"[0.0026953392662107944, 0.9973046779632568]"
000139_05_02_245.png,"[0.7888727784156799, 0.21112723648548126]"
000083_11_01_069.png,"[0.001505719032138586, 0.9984942674636841]"
000108_02_02_070.png,"[0.0037244288250803947, 0.9962755441665649]"
000155_08_01_304.png,"[0.0013588260626420379, 0.9986411929130554]"
000083_09_02_063.png,"[0.0054039438255131245, 0.9945960640907288]"
000143_10_01_016.png,"[0.029829006642103195, 0.9701710343360901]"
000094_03_01_067.png,"[0.0018140397733077407, 0.998185932636261]"
000108_02_01_172.png,"[0.0038437230978161097, 0.9961562752723694]"
000159_02_01_045.png,"[0.024167481809854507, 0.9758325815200806]"
000089_02_01_050.png,"[0.005654935259371996, 0.9943450689315796]"
000124_02_01_025.png,"[0.5550121068954468, 0.4449879825115204]"
000077_01_01_012.png,"[0.40071794390678406, 0.5992820262908936]"
000083_08_01_053.png,"[0.0007613063207827508, 0.9992387294769287]"
000089_06_01_039.png,"[0.3449205458164215, 0.6550794243812561]"
000084_01_02_115.png,"[0.734609842300415, 0.2653901278972626]"
000075_03_03_156.png,"[0.4075488746166229, 0.5924511551856995]"
000099_05_01_027.png,"[0.2598121166229248, 0.7401878833770752]"
000083_09_02_301.png,"[0.0002143260498996824, 0.9997857213020325]"
000154_03_01_076.png,"[0.20387981832027435, 0.7961202263832092]"
000151_11_01_101.png,"[0.5306466817855835, 0.4693533480167389]"
000133_03_01_049.png,"[0.0018229314591735601, 0.9981770515441895]"
000083_09_01_017.png,"[0.0020538901444524527, 0.9979460835456848]"
000086_03_01_083.png,"[0.008546018972992897, 0.991454005241394]"
000103_07_01_081.png,"[0.000755013432353735, 0.9992450475692749]"
000106_02_01_061.png,"[0.0009821412386372685, 0.9990178346633911]"
000083_05_02_390.png,"[0.10890500992536545, 0.891094982624054]"
000143_05_01_120.png,"[0.4466049075126648, 0.5533950328826904]"
000138_03_01_141.png,"[0.9667400121688843, 0.033259984105825424]"
000104_01_01_064.png,"[8.853993494994938e-05, 0.9999114274978638]"
000137_02_01_025.png,"[0.00020504053100012243, 0.9997950196266174]"
000149_04_02_201.png,"[0.8292955160140991, 0.1707044243812561]"
000094_06_01_063.png,"[0.00019914648146368563, 0.9998008608818054]"
000103_04_01_059.png,"[0.0016983940731734037, 0.99830162525177]"
000160_05_01_023.png,"[0.7931085228919983, 0.20689146220684052]"
000111_02_01_061.png,"[0.0016062480863183737, 0.998393714427948]"
000083_05_01_079.png,"[0.10014674812555313, 0.8998532295227051]"
000121_01_01_031.png,"[0.010728749446570873, 0.9892712831497192]"
000096_04_02_526.png,"[0.1006375178694725, 0.8993624448776245]"
000108_01_01_169.png,"[0.006293974816799164, 0.9937060475349426]"
000089_10_01_049.png,"[0.0066957613453269005, 0.9933041930198669]"
000096_03_01_535.png,"[0.1722165048122406, 0.827783465385437]"
000094_08_01_046.png,"[0.03684981167316437, 0.9631502032279968]"
000092_02_02_316.png,"[0.004114493262022734, 0.9958855509757996]"
000108_02_02_067.png,"[0.0006798714166507125, 0.9993201494216919]"
000155_02_01_015.png,"[0.7009382247924805, 0.29906177520751953]"
000089_05_01_036.png,"[0.07809233665466309, 0.9219076037406921]"
000102_02_02_376.png,"[0.0005057122325524688, 0.9994943141937256]"
000156_01_01_032.png,"[0.00037737248931080103, 0.9996225833892822]"
000103_03_01_166.png,"[0.9978530406951904, 0.00214694207534194]"
000115_02_01_058.png,"[0.00746295228600502, 0.9925369620323181]"
000139_03_01_017.png,"[0.03162139654159546, 0.9683786630630493]"
000138_02_01_101.png,"[0.9687680602073669, 0.031231949105858803]"
000103_04_01_129.png,"[0.03799296170473099, 0.9620070457458496]"
000148_03_01_032.png,"[0.028964372351765633, 0.9710356593132019]"
000146_01_01_195.png,"[0.9303323030471802, 0.06966773420572281]"
000115_06_03_068.png,"[0.06855302304029465, 0.9314470291137695]"
000083_01_02_114.png,"[0.8448359966278076, 0.15516406297683716]"
000159_05_02_292.png,"[0.004686006344854832, 0.9953140020370483]"
000143_06_01_102.png,"[0.013570941984653473, 0.98642897605896]"
000095_02_02_100.png,"[0.0004951680894009769, 0.999504804611206]"
000103_04_02_175.png,"[0.9962248802185059, 0.0037750815972685814]"
000135_02_02_102.png,"[0.44964897632598877, 0.5503509640693665]"
000094_05_01_082.png,"[0.013008142821490765, 0.9869918823242188]"
000103_01_01_104.png,"[0.7122117280960083, 0.2877882122993469]"
000089_07_02_187.png,"[0.10363171249628067, 0.8963682651519775]"
000115_07_01_276.png,"[0.9629467129707336, 0.037053290754556656]"
000084_02_02_094.png,"[0.14859332144260406, 0.8514066934585571]"
000089_03_01_038.png,"[0.09360936284065247, 0.9063906073570251]"
000083_13_01_019.png,"[0.006213637534528971, 0.9937863349914551]"
000151_13_02_488.png,"[0.14519236981868744, 0.8548076748847961]"
000086_03_01_093.png,"[0.7763350009918213, 0.2236650139093399]"
000151_18_02_494.png,"[0.7629616260528564, 0.23703840374946594]"
000133_03_01_065.png,"[0.0005127693293616176, 0.9994871616363525]"
000143_09_02_076.png,"[0.6685090661048889, 0.3314909338951111]"
000096_04_02_537.png,"[0.19496309757232666, 0.8050369024276733]"
000140_03_01_088.png,"[0.010217007249593735, 0.989782989025116]"
000083_11_02_557.png,"[0.006472072564065456, 0.9935279488563538]"
000101_03_01_030.png,"[0.028871217742562294, 0.9711287021636963]"
000147_03_02_173.png,"[0.002303715329617262, 0.9976962208747864]"
000116_02_01_060.png,"[0.00014384803944267333, 0.9998561143875122]"
000083_11_02_351.png,"[0.002345455577597022, 0.9976546168327332]"
000154_04_01_175.png,"[0.9953927993774414, 0.004607214592397213]"
000139_03_01_016.png,"[0.2731723189353943, 0.7268277406692505]"
000084_02_01_023.png,"[0.015396450646221638, 0.9846035838127136]"
000151_05_01_102.png,"[0.7333517670631409, 0.26664817333221436]"
000151_15_02_497.png,"[0.6372512578964233, 0.36274874210357666]"
000110_02_02_236.png,"[0.9368367791175842, 0.06316325068473816]"
000116_05_01_005.png,"[0.061487212777137756, 0.9385127425193787]"
000144_03_01_060.png,"[0.0014919376699253917, 0.9985080361366272]"
000103_07_01_124.png,"[0.12558600306510925, 0.8744140267372131]"
000094_08_01_055.png,"[0.00060081179253757, 0.9993991851806641]"
000083_11_01_079.png,"[0.0017830651486292481, 0.9982169270515442]"
000115_06_01_032.png,"[0.00036777040804736316, 0.9996322393417358]"
000127_02_01_032.png,"[0.0016520716017112136, 0.9983478784561157]"
000113_03_01_029.png,"[0.12370273470878601, 0.8762972950935364]"
000117_02_01_050.png,"[0.005871263798326254, 0.9941287040710449]"
000115_01_01_069.png,"[0.000622947933152318, 0.9993770718574524]"
000133_03_01_107.png,"[0.9841086268424988, 0.0158913042396307]"
000155_03_01_056.png,"[0.020662790164351463, 0.979337215423584]"
000132_03_01_055.png,"[0.0020385116804391146, 0.9979615211486816]"
000144_02_01_018.png,"[0.00047830480616539717, 0.9995217323303223]"
000089_11_01_036.png,"[0.03524873033165932, 0.9647513031959534]"
000148_06_01_034.png,"[0.016784505918622017, 0.9832155108451843]"
000155_04_01_019.png,"[0.4803202748298645, 0.5196797251701355]"
000093_03_01_059.png,"[0.000536361534614116, 0.9994636178016663]"
000082_02_02_117.png,"[0.8956717252731323, 0.10432829707860947]"
000094_05_02_143.png,"[0.9289887547492981, 0.07101120054721832]"
000089_12_01_039.png,"[0.11910291761159897, 0.880897045135498]"
000084_04_02_117.png,"[1.0, 4.625222160825615e-08]"
000082_01_01_226.png,"[0.5451673865318298, 0.45483264327049255]"
000133_03_01_072.png,"[0.00042942946311086416, 0.9995705485343933]"
000160_10_01_072.png,"[0.048386719077825546, 0.9516132473945618]"
000153_05_01_081.png,"[0.9872779846191406, 0.012722037732601166]"
000143_03_03_160.png,"[0.2969241440296173, 0.7030758261680603]"
000111_02_01_067.png,"[0.018583150580525398, 0.9814168810844421]"
000132_03_01_040.png,"[0.001137307146564126, 0.9988627433776855]"
000117_02_01_092.png,"[0.5099930167198181, 0.4900069534778595]"
000133_03_01_112.png,"[0.46355998516082764, 0.5364399552345276]"
000154_01_01_013.png,"[0.9001331329345703, 0.0998668372631073]"
000113_03_01_014.png,"[0.20511029660701752, 0.7948897480964661]"
000099_08_01_023.png,"[0.07126981019973755, 0.9287301898002625]"
000096_04_01_030.png,"[0.002859833650290966, 0.9971401691436768]"
000084_02_01_020.png,"[0.7354744076728821, 0.2645255923271179]"
000151_17_02_233.png,"[0.6924371123313904, 0.3075628876686096]"
000083_11_02_144.png,"[0.0037812916561961174, 0.996218740940094]"
